Code,Food name in English,rank,topsis_score,"Calcium
(mg)","Copper
(mg)","Fibre, total dietary or [fibre, crude]
(g)","Folate, total or [folate, sum of vitamers] (vitamin B9)
(mcg)","Iron
(mg)","Magnesium
(mg)","Niacin, preformed
(mg)","Phosphorus
(mg)","Potassium
(mg)","Protein, total
(g)","Riboflavin (vitamin B2)
(mg)","Thiamine (vitamin B1)
(mg)","Vitamin A (expressed in retinol activity equivalents)
(mcg)","Vitamin B12
(mcg)","Vitamin B6
(mg)","Vitamin C
(mg)","Vitamin D 
(mcg)","Zinc
(mg)"
01_001,"Fonio, white, whole grains, raw",6.0,0.4292255865033207,3.076923076923077,48.888888888888886,58.57142857142856,30.0,163.33333333333334,102.38095238095238,10.0,15.28,7.234042553191489,14.2,7.6923076923076925,21.666666666666668,0.0,0.0,9.411764705882353,0.0,0.0,25.363636363636367
01_018,"Pearl millet, IKMV 8201 variety, whole grains, raw (Burkina Faso), n=1",25.0,0.2318524719783211,1.7692307692307692,50.0,31.428571428571434,40.0,84.44444444444444,22.857142857142858,12.5,32.16,7.0638297872340425,19.0,14.615384615384617,24.166666666666668,0.0,0.0,20.588235294117645,0.0,0.0,23.454545454545457
01_021,"Pearl millet, IKMP 3 variety, whole grains, raw (Burkina Faso), n=1",18.0,0.2324170838630064,1.7692307692307692,50.0,37.5,40.0,84.44444444444444,22.857142857142858,12.5,32.16,7.0638297872340425,27.0,14.615384615384617,24.166666666666668,0.0,0.0,20.588235294117645,0.0,0.0,23.454545454545457
01_022,"Pearl millet, IKMP 4 variety, whole grains, raw (Burkina Faso), n=1",20.0,0.2322199500009485,1.7692307692307692,50.0,31.428571428571434,40.0,84.44444444444444,22.857142857142858,12.5,32.16,7.0638297872340425,24.4,14.615384615384617,24.166666666666668,0.0,0.0,20.588235294117645,0.0,0.0,23.454545454545457
01_023,"Pearl millet, IKMP 5 variety, whole grains, raw (Burkina Faso), n=1",19.0,0.2323903421151823,1.7692307692307692,50.0,41.785714285714285,40.0,84.44444444444444,22.857142857142858,12.5,32.16,7.0638297872340425,26.6,14.615384615384617,24.166666666666668,0.0,0.0,20.588235294117645,0.0,0.0,23.454545454545457
01_024,"Pearl millet, IKMP 6 variety, whole grains, raw (Burkina Faso), n=1",17.0,0.2325663742168537,1.7692307692307692,50.0,27.142857142857142,40.0,84.44444444444444,22.857142857142858,12.5,32.16,7.0638297872340425,28.999999999999996,14.615384615384617,24.166666666666668,0.0,0.0,20.588235294117645,0.0,0.0,23.454545454545457
01_025,"Pearl millet, IKMP 7 variety, whole grains, raw (Burkina Faso), n=1",21.0,0.232032376138299,1.7692307692307692,50.0,30.71428571428571,40.0,84.44444444444444,22.857142857142858,12.5,32.16,7.0638297872340425,21.8,14.615384615384617,24.166666666666668,0.0,0.0,20.588235294117645,0.0,0.0,23.454545454545457
01_027,"Pearl millet, IKMP 9 variety, whole grains, raw (Burkina Faso), n=1",23.0,0.2319047466790637,1.7692307692307692,50.0,33.92857142857143,40.0,84.44444444444444,22.857142857142858,12.5,32.16,7.0638297872340425,19.8,14.615384615384617,24.166666666666668,0.0,0.0,20.588235294117645,0.0,0.0,23.454545454545457
01_030,"Pearl millet, IKMP 12 variety, whole grains, raw (Burkina Faso), n=1",24.0,0.231889396094073,1.7692307692307692,50.0,32.142857142857146,40.0,84.44444444444444,22.857142857142858,12.5,32.16,7.0638297872340425,19.6,14.615384615384617,24.166666666666668,0.0,0.0,20.588235294117645,0.0,0.0,23.454545454545457
01_032,"Pearl millet, combined varieties, whole grains, raw (Burkina Faso)",22.0,0.2319424138685175,1.7692307692307692,50.0,31.78571428571429,40.0,84.44444444444444,22.857142857142858,12.5,32.16,7.0638297872340425,20.4,14.615384615384617,24.166666666666668,0.0,0.0,20.588235294117645,0.0,0.0,23.454545454545457
04_007,"Carrot, boiled* (without salt), drained",1.0,0.7903982376382545,2.8461538461538463,7.777777777777778,12.142857142857142,2.25,362.22222222222223,2.142857142857143,2.5,3.6799999999999997,2.297872340425532,2.0,2.3076923076923075,2.5,67.77777777777779,0.0,11.176470588235295,3.3333333333333335,0.0,1.8181818181818183
04_031,"Cowpea, leaves, dried",5.0,0.5134928781666108,81.46153846153847,208.88888888888886,121.78571428571429,160.0,194.44444444444443,90.47619047619048,87.5,29.12,70.2127659574468,48.8,184.6153846153846,83.33333333333334,33.33333333333333,0.0,94.11764705882354,44.44444444444444,0.0,35.54545454545455
04_043,"Onion, fresh, boiled* (without salt), drained",2.0,0.780830759710783,2.1538461538461537,17.77777777777778,7.8571428571428585,2.5,349.44444444444446,2.142857142857143,1.25,3.84,1.8936170212765957,2.8,3.0769230769230766,1.6666666666666667,0.0,0.0,3.5294117647058822,6.666666666666667,0.0,2.3636363636363638
04_055,"Pumpkin, leaves, dried",10.0,0.2704457953255574,94.0,113.33333333333333,63.21428571428571,55.00000000000001,96.11111111111111,266.1904761904762,41.25,81.84,83.82978723404256,76.6,46.15384615384615,45.00000000000001,19.666666666666664,0.0,70.58823529411765,10.0,0.0,64.36363636363637
04_069,"Turnip, boiled* (without salt), drained",8.0,0.3081468167358141,3.307692307692308,11.111111111111112,10.0,3.25,115.55555555555557,2.380952380952381,2.5,2.8000000000000003,2.7872340425531914,2.2,2.3076923076923075,2.5,0.4444444444444444,0.0,3.5294117647058822,12.222222222222221,0.0,1.6363636363636362
04_071,"Sicklepod, leaves, dried",14.0,0.2470341895218957,29.846153846153843,40.0,74.64285714285714,75.0,89.44444444444444,26.666666666666668,28.749999999999996,28.720000000000002,59.361702127659576,42.8,23.076923076923077,14.16666666666667,27.666666666666668,0.0,88.23529411764706,16.666666666666664,0.0,19.454545454545453
04_075,"Jute mallow (bush-okra), leaves, dried",3.0,0.613207505315616,108.92307692307692,116.66666666666667,124.64285714285714,114.99999999999999,236.66666666666666,95.47619047619048,30.625000000000004,26.640000000000004,29.574468085106382,44.8,192.3076923076923,13.333333333333334,107.22222222222221,0.0,164.70588235294116,42.22222222222222,0.0,26.272727272727277
06_039,"Benniseed, dried, raw",4.0,0.6015414379402395,53.307692307692314,180.0,48.57142857142857,25.0,234.99999999999997,63.095238095238095,21.25,32.24,5.914893617021277,34.8,14.615384615384617,56.66666666666668,0.1111111111111111,0.0,46.470588235294116,0.0,0.0,24.727272727272727
07_018,"Beef liver, boiled* (without salt), drained",9.0,0.281408355150101,3.076923076923077,450.0,0.0,65.0,78.33333333333333,4.761904761904762,68.75,30.8,3.0851063829787235,58.4,153.84615384615384,20.0,2622.222222222222,4583.333333333334,64.70588235294117,25.555555555555554,7.5,41.72727272727273
07_054,"Lamb liver, boiled* (without salt), drained",12.0,0.264291952564937,0.6923076923076923,1888.888888888889,0.0,50.0,81.11111111111111,6.904761904761905,75.0,25.759999999999998,6.23404255319149,59.0,253.84615384615384,26.666666666666668,1900.0,3708.3333333333335,18.823529411764707,23.333333333333332,2.0,41.18181818181819
07_088,"Beef liver, grilled* (without salt or fat)",15.0,0.2452916689323232,3.1538461538461537,366.66666666666663,0.0,70.0,63.888888888888886,4.0476190476190474,93.75,28.64,3.127659574468085,47.6,138.46153846153845,20.0,2411.111111111111,4166.666666666667,54.70588235294118,22.22222222222222,6.5,34.0
07_089,"Beef liver, stewed* (as part of a recipe)",11.0,0.2698433473166242,3.3846153846153846,494.44444444444446,0.0,62.5,72.77777777777777,5.238095238095238,106.25,38.72,4.51063829787234,51.4,153.84615384615384,23.333333333333336,2600.0,5416.666666666667,64.70588235294117,26.666666666666668,6.999999999999999,43.18181818181818
07_108,"Chicken liver, boiled* (without salt), drained",16.0,0.2381947082743278,0.5384615384615384,57.777777777777786,0.0,250.0,75.55555555555556,5.238095238095238,40.625,23.76,4.638297872340426,55.39999999999999,153.84615384615384,30.0,945.5555555555555,916.6666666666667,64.70588235294117,25.555555555555554,9.0,36.90909090909091
07_132,"Lamb liver, stewed* (as part of a recipe)",13.0,0.25001221516744,0.7692307692307693,2077.7777777777774,0.0,47.5,75.0,7.6190476190476195,118.75,32.4,9.127659574468085,52.0,253.84615384615384,30.0,1877.7777777777778,4166.666666666667,17.058823529411764,23.333333333333332,2.0,42.63636363636364
09_057,"Shrimp (crayfish), whole, dried",7.0,0.3843731975342682,194.0,222.22222222222223,0.0,35.0,140.55555555555557,159.52380952380955,14.374999999999998,106.56000000000002,23.5531914893617,126.2,16.92307692307692,2.5,1.0,245.83333333333334,41.17647058823529,41.11111111111111,0.0,62.09090909090909
